temperature,humidity,pressure,label
1.5661502301810741,-1.1815409387896023,-0.5067806569987253,1
-1.3237758005986158,-0.3652447524456918,0.9901313316975403,0
0.5326887387446181,-1.069297490724631,-0.7982620208676406,0
-0.5550381778172643,0.12018039848266882,1.2955836793145754,0
-1.1705535548312025,-0.2223070735311761,1.168901914305708,0
0.29557072327075246,0.4187750415194969,0.037097585339362874,0
0.8931183741671143,-1.0229577216377843,-0.6425477111554724,0
0.6881261340997616,-0.01743296358884142,-0.34119596283814163,0
3.4700742745802104,-0.19327873361723485,2.2936833225711735,1
0.20195647807563336,1.105105907771066,0.8372426296854917,0
0.3169619354861801,1.1841963087547902,1.2249755495404477,0
1.1897524061538898,-1.2647417751769656,0.797677873769701,1
-2.293516991475278,-0.3807348489986639,-0.48344632697948275,0
1.4458435945137922,1.169984155362828,0.9119138532861398,1
-0.5105632519096251,-1.5080499106980343,1.0324756637560546,0
-0.5010081119849822,0.648393019655784,0.4996010478632674,0
-0.05020416994170166,-0.20933398400429376,0.693607033821466,0
0.9436608558232431,-1.071153905491021,0.3822633966584218,0
1.077534269121977,-1.1852877861074134,-1.1897049551133276,1
0.49521027657351513,0.4406008239223799,0.9082535314714657,0
1.0714689781631435,0.1914166703192938,-0.3061819859980645,1
-0.3540735704706687,-1.122120892640401,-0.8470369933450569,0
1.139657318714296,0.48738596011450225,0.5182420494663861,1
0.15507712011757271,-0.4369732726112816,1.1901470866185024,0
1.1503229563953574,0.9108381718019183,-0.3441229247456138,1
1.737476382357087,-0.7864906695534398,0.04002874418248164,1
-0.9253018377373913,0.8107760162554613,-0.5760617781149239,0
0.10395173865624584,1.5740438290520868,-0.491810855917582,0
0.2961039326307062,-0.08972829069399235,-1.7300011996407987,0
-0.9651905494159171,-0.22362849068218185,-1.9788380319538894,0
1.5121686500370144,-0.4731428179339894,-0.8046016781916691,1
-1.116677263005295,-1.1592272005595277,-0.5460335312724329,0
-0.24895571736044866,0.46641225181363344,1.4185639373276961,0
-0.7081922639629091,0.11924523892988828,0.5875610992707762,0
0.25733421517184124,-1.1653737381012395,0.49718467517016524,0
0.3492538920637095,2.0838643423520953,0.04447458516112425,0
0.8796776259180848,-1.4407577593489125,0.5923603591369125,0
-1.3132021857430278,-0.865687572383133,0.16400161053429813,0
-0.24503195886152035,-0.6541552933172551,-0.6920626838536023,0
0.9833714019565571,-1.1554270334947674,1.3406856806820941,0
-1.945200615769874,1.7495751218237399,0.34533645672887703,0
0.2945619121679463,1.672481941527361,0.3027420781994815,0
1.7901028828246557,0.9723991227245458,-0.2876012790004273,1
0.8858423047329631,0.6112922027719725,0.6157988564827352,0
-0.19952270567086894,-0.41400253759105365,-0.09686201962671288,0
0.5248177992333373,0.7247361977822278,1.3981701343905981,0
1.4593912749013682,-0.5375024433736835,0.17275495039506802,1
-1.3542323940511944,-0.06857362118295603,0.09160026113408273,0
-1.2226971722561526,-1.7737784303811557,-1.3969882634033282,0
-0.585823088575017,0.8328358158804764,0.8542929370788689,0
-0.5293530587846119,0.2662906384826294,0.8637060624711481,0
0.9557047604522315,-1.2020275326149508,0.04977425871997871,0
-0.2681181627664725,0.48112063587243287,0.45546604193105605,0
0.013409887448780031,0.447872066243028,0.6515081387306518,0
1.2879586841311894,2.5451652388529684,1.2434341176662989,1
0.3670263004490386,-1.7523235403642181,0.7640279087460993,0
-0.8581746233463172,0.9233854548545247,-1.4616754008312278,0
0.7288892996303629,-0.3436841000970113,-0.4703549133331121,0
0.691224147320604,-0.6308846590387327,1.0771164484406914,0
0.3040125226782297,-0.9377824958893888,0.12928888138905367,0
0.4633177224902381,0.4946372260379512,-0.32099444582110226,0
-1.3101679230060308,-0.1330769355524127,-0.7545008389800196,0
-0.07938684243815845,0.15414980703617698,-0.6307760055227697,0
0.8946405921522664,-0.21477829417871883,-0.1551909266792485,0
-0.059634376085261995,-0.5370821996554204,0.9516706501691631,0
0.9325279649111495,-0.5731229489072762,-2.5873781177885173,0
0.20619228708540538,-0.32540079447931036,0.9125456031473635,0
0.40917176025908725,0.1084986842898843,0.9775596618551067,0
-0.8070989496218005,2.1065869219583253,1.438478980203936,0
-0.2041361774757274,-0.29281469892724366,0.3195478583545153,0
-0.29831978845379714,1.4417430338787753,0.21302654032247625,0
-1.0697266128112222,1.2814816722743438,1.1782405812478502,0
2.239087010744745,1.0818903526992067,0.39810224103950564,1
0.4115434668141629,0.4779513765292716,-0.6918785605671178,0
-0.08289334075855588,-0.7700821372072212,0.3846907387845526,0
-0.7581496006449661,-1.7624068428917052,-0.7492772514639906,0
0.3510901336958056,-0.18936144633429094,1.7138400701608283,0
1.8716609734918401,-0.9323375297719849,0.6808007705152371,1
-1.6625953193141265,-2.90306860343391,0.5256382118047159,0
-0.3522357628411543,-0.00936471875930072,-0.27422822458597756,0
-1.0077299744175228,-1.7778763871273549,0.09805249532209571,0
-1.2403074810414776,-0.12988380656697182,0.7869015273584709,0
-0.0465809208482588,-0.6847456180155266,0.8363915686012278,0
-0.8838121961650461,-2.701765329837679,-2.223308254646363,0
-0.0415371495307458,-0.6403992575125171,0.20420389807364034,0
0.7839623359845954,-0.29657694863022066,-0.977085589769076,0
-0.6565686588124644,1.3592579900100972,0.5306942469058087,0
0.45083832836485904,0.3103897857202148,2.1683398148302704,0
0.31564949816095306,-0.09566631958725327,0.9823483187425118,0
-1.4380454187147211,0.4950948560399054,0.9173535197738235,0
1.7867506773668143,-1.162985589052804,0.9522934012840855,1
-0.1352956702426402,0.3886121064018403,1.4897600545851282,0
0.5395196021144123,0.5174065606492803,-0.393808454137141,0
-0.16257011207178906,-1.403983849250009,-0.3077420820351346,0
-0.24091942081569767,-0.6203981604329275,1.327502331998037,0
-0.5717683311686,1.9178915437593171,0.4338079292578924,0
1.0884151363202428,0.4506082771387384,1.2465200518466404,1
1.0664559838770051,0.6814454220967924,-0.6502602985618462,1
-1.0535737228413191,0.8883224504655797,-0.24625474891761256,0
1.1429493649049123,-0.4099660975729603,-1.0770351897199069,1
0.021150160599260812,1.7687916285870802,-1.5704676649915337,0
-0.5017638565721116,0.9743787606762616,-0.8871653263632656,0
-2.945328124508989,-2.3919014070515736,1.0644913539264416,0
-1.350096089648504,-0.9674462200835167,0.3801716859456353,0
-0.5405937844728462,-0.7331319302581926,0.33097999743517786,0
-1.7219984080478385,-0.638028992765612,-0.3378853619092535,0
-0.41011895066541065,-0.51787452605251,0.8405537067454689,0
-0.31750105503004017,-1.4424599860694138,-0.03553266356366768,0
1.7363593881944839,0.1573961182435483,0.25442158055386777,1
-0.7980239947240161,0.08995549669828655,-1.1766510116777538,0
-0.31097377478254656,-0.1977391228097861,-1.6302138022908943,0
-0.5677012005516036,-0.25165242119338893,0.533661944263339,0
-0.9975885402019279,0.05215360369145109,0.08239861850353745,0
0.4493772204718092,0.48571473813506716,-0.12606420045237507,0
0.40675577410606834,0.6211373471984596,1.135796827321045,0
1.0919361435234005,0.6005477145803765,-0.7985566583745473,1
-1.8708446062762303,0.592148686236833,-0.08606366575349914,0
-0.7896259780534136,0.13822322017233993,0.015536202253133954,0
1.2009127477727994,-0.33445876706011674,-1.1693985944388854,1
-0.7148726257379067,-0.5950502069341804,1.4217289505764727,0
-1.6224277178842756,-1.4326671133789095,0.30577204506573563,0
-1.9257583004621326,-0.6040161065324635,0.7243847818376974,0
-1.1773203517385704,-2.511263582983074,1.4913787923972528,0
0.33827742450763126,-0.47793959562910376,0.7996342314540639,0
-0.6959838418796804,-0.12099372703862037,0.6047623420765803,0
-0.9365099924939669,-0.20546882979242348,0.5666075896466494,0
-0.09028962296666707,-1.0262911856003627,-0.09095674634823708,0
1.1932937298756345,-0.3277740686742612,0.4035434853725999,1
1.0213398510100546,1.3917449374923299,-0.18006678094703643,1
-0.007515008652478605,-0.27825106350571227,-1.9544842399051578,0
-0.39988760209261576,-2.420512684648431,1.441880740641752,0
-0.6895307698232033,0.2688161618350475,-0.8508308433061702,0
-1.6759346516154916,0.13076802751975478,0.6132371614665073,0
-0.6073270777659959,0.42864984482581625,1.5707296625530207,0
1.8529186275734784,-0.5953487487968068,0.3794059166227788,1
1.1355572050446128,-1.035351537951686,-0.4627497457222327,1
0.6180484176023944,0.1543373944051594,0.0757002026832115,0
-1.8198573284433646,0.5556475139028547,0.7881045312491888,0
0.4824266977268948,0.8959922403217089,-0.429884015159415,0
0.13058574042982282,0.3254770941219596,0.043133006133484246,0
0.2689047166719929,-0.4989131859678896,-0.8066427961347655,0
-0.5597880581738507,1.5668641522957274,-0.771990702117531,0
-0.047738410729651765,-2.7392508613227973,-0.962083831043023,0
-1.1717732380741033,-0.019092154867304843,-0.16059454445201485,0
1.798015668969797,-1.1183704771647545,-0.41367129632524635,1
-0.001224398888084434,-0.2543988205746312,-0.0783355542840865,0
-1.1391757165067706,-1.3747422707002073,-0.27436167357858626,0
1.9789295526044848,-1.4324856468279177,0.4524811383234114,1
-0.11004852198058895,-0.9640837282687336,-2.0086733545206252,0
1.054480229161961,-0.37964813668029274,-0.3219557040856581,1
-0.47916772370548805,1.6077796679595475,-1.2964908167779592,0
-0.6846615947875974,0.9268878617400316,-0.23611329869690353,0
-2.3817904197097315,1.8119945126695378,-0.24644832445807907,0
1.8481354118226114,1.0648694443510223,1.8893096605451762,1
-1.427191436956188,0.23651038862937723,2.5340977881622413,0
0.11929292455050468,0.09730400477199432,-0.9700067034921767,0
0.8423323030786931,-0.13555470285602125,1.3108728867070911,0
0.5694592463160503,0.10963948278446435,0.15770136853144365,0
0.7970419757309468,0.7769639992242591,-1.5966467105086153,0
-1.4748614985482547,0.5657144472728456,0.862483333341654,0
0.60907302114288,1.3389195814956716,-0.350298884443787,0
-0.3777698954422636,0.08120883638401395,-0.32036894446689806,0
1.651808622911413,-0.7325269642304155,1.292601320500914,1
0.6183151823320313,0.3794627725608058,2.0190146862176586,0
0.47885039264628093,1.4689396869881175,0.19308952538169447,0
0.018815453036137464,1.2000094770346244,-0.9896827426487116,0
0.025055109737683146,-1.2530301264667727,-0.552431104306017,0
-0.6512092244472734,-1.6034846178497408,0.3427970984679926,0
0.7842904090661725,-0.10561172249268999,1.253071915966923,0
-0.9264066001210763,-0.6066580809175541,1.1005975533726757,0
-0.058115295769612135,-0.9052440640713201,0.008312674664851095,0
1.032747623543055,-0.9625033562343863,-0.7450940124495566,1
-0.9652208831671673,-0.02670977522509471,0.08357253824355161,0
0.3851446222737821,-0.0029901976918060044,0.5021668640132236,0
1.096611575735835,-1.094886420427899,-1.1866892316888984,1
0.37216958159582536,-0.4388250524237244,-1.5361124917348734,0
-0.75327979222514,0.46203015320754104,1.3113445959326397,0
-0.8377070736915185,-0.00656852430374701,-0.24560475313344662,0
0.28923978070913464,-0.4558854977655989,0.7847598973752664,0
-0.13569391361849736,-0.61443099675453,0.3764061986547255,0
-0.05351610638008307,0.2201632464973205,0.07825825356838481,0
-1.594951314089428,0.7263708430047386,0.5191806959354641,0
1.3301764955420545,1.2124020156403292,-0.26140307490536674,1
1.3689541577507889,0.5807290144777898,1.360593000572888,1
-2.008962604287018,-0.7095060622247222,-0.262035868646253,0
0.6699339854597904,-1.330918675468437,-0.9281784251600373,0
0.8759708069513328,2.4043534317489494,-0.8724107731814394,0
-1.1046914137847184,0.46098699904242674,-1.6876390205648732,0
0.9495348354497827,-0.7674959994232111,2.4003411502063443,0
-0.6376220668080343,-0.8622857159102035,1.3628038355689476,0
0.10239594570812141,-1.0831753440020833,-0.27539081898349344,0
0.46524594465017227,1.2296651297251957,-0.9930254705256624,0
1.002668392774521,1.0797478468225425,-0.4195257577682795,0
-0.8531914947272659,-0.0902171653591014,1.2372955939755834,0
-2.317524289629914,1.394457003327914,0.5390548130149876,0
-0.557001561114348,-0.007747195951956578,-0.9227699272266625,0
1.0506830703374073,-1.7135613811227135,-0.9288595634114412,1
0.32082445829953604,0.732529050129676,0.018254791189990786,0
1.4097969851748682,1.1785316094073162,0.5707013311080271,1
-0.2869847665351574,0.6572364351637096,-1.4245663855152355,0
-0.6296210820611113,-0.6074401064209068,-0.2633632559042858,0
0.9239592746005743,1.1979425629370248,-0.40219105706941,0
1.2820653875286498,-0.21620332749857413,2.274246310996945,1
-0.6001390366207524,0.7858241574877091,-0.1549863534845068,0
2.040910249348379,0.1877631426407999,-1.4373687418174659,1
1.3794594950041892,0.6089090747037317,0.713647294591137,1
-0.6677930567335146,1.0019579873236917,0.39033178233021004,0
0.2619213546487189,-0.8067321539979102,1.1686034031205443,0
-0.09840415920032457,-0.11880656993904175,0.4720990305242941,0
0.2648154506092264,-2.3547690158315877,-0.6896999063576077,0
-0.2816084203120775,-1.016190848081164,1.722199629659744,0
1.2357090243455735,0.21605385519181053,0.040443563146601656,1
0.8518554967731858,-0.040674316379821406,-0.7696613092164648,0
-0.7949516089563189,1.3994761094047798,-0.9400944621802902,0
-0.39597132569760085,-1.7048824602154329,-1.3274645802879044,0
0.41813193850115477,-0.3903851987778534,-2.0036401103374213,0
-0.5172966794764333,-1.5649189778283232,0.21748036531607562,0
0.7435770745007783,-0.7376540493564976,0.9755877369604159,0
2.2608620621119817,0.13089875740873705,-1.0767851498950431,1
-0.775920432331578,-0.4327378792316891,-0.9251577822630538,0
0.16723639631115997,-0.028220694979355122,-1.4007213228381978,0
0.0185019859840028,1.3361888616994368,0.598188798388419,0
-0.13331337597232812,0.4121946808576519,-0.8413922438966727,0
-0.43746982069987367,-0.08313249440767435,-0.5906223843284154,0
-0.49547309652279087,-0.1477403378684588,-2.105425795856261,0
-0.3166008688646661,-0.46311444732853163,-0.5228371428099543,0
-2.045510199524315,1.1468400106696643,1.3711326027812578,0
-1.4373019629451116,-0.7990210167539271,0.6161049635730784,0
0.02855487008249886,-0.01818963508630954,0.9580231597944021,0
0.10183953322615877,-0.3745444592993881,-0.8661697885982812,0
-1.2008508219756524,0.6784948989142474,-0.8584686482449142,0
0.9930030350901572,-1.7831712381094993,-0.003423466119861094,0
-0.5155441012563821,0.4149199833476171,0.30402036353276113,0
0.9067129909901779,0.24676718436678008,-2.3222908247655574,0
-0.038385867896371016,-1.7951248635646855,-1.2423181754691015,0
-0.42088429834376917,-0.24785436841794534,1.1322080155942142,0
-0.07710672530239959,0.4169421652919688,-0.10527925169893414,0
-0.04693262941614272,-0.38060854453347537,-0.4410136596230201,0
-0.3618276697109909,-1.694695016881094,1.6710798346205766,0
1.1072420353336754,0.19894008655750778,-0.3680729679922203,1
0.8191381476106057,-1.3704285922162145,0.9077528375767465,0
0.10095009182341129,0.037229252046069215,-0.6534606603080559,0
-1.4336670371339315,1.372953418212047,-0.741211832522464,0
0.3535069161570521,0.13403438141485546,-0.27762045893205295,0
-0.6184105513659206,-0.29466477638579325,-0.6202012496713271,0
0.4673244811037981,-0.3835164770552625,-0.1696848972983505,0
-1.1391926366715392,-0.9266446325867355,-1.745541149136419,0
-3.498554890628203,0.709668466981133,0.17882929734400538,0
0.3961188183435427,2.043962864604569,-0.4935479591547284,0
0.5969415900827341,-0.6524356147661224,0.05645579377373553,0
0.3283377945981574,0.14690104092540157,0.6362238316271582,0
-1.7171092870819613,0.09146111504500878,0.32266442811798357,0
-1.730742359575676,0.47791934942825937,-1.693835536578354,0
-1.347971116199764,0.11853128690539992,0.15219362191835825,0
-0.5598267336362277,0.7396780548780312,-0.133538737867974,0
0.16041524307946503,1.2929529143475755,1.1811632113756338,0
-1.7667850566569332,0.5133782569736315,0.14369416667728718,0
0.8929906235687471,0.470254148129293,-0.8379857056302276,0
3.147757357666471,-0.1442169466584099,0.26553224521252244,1
0.7086486689339997,1.1237076340881589,-0.3361370659155019,0
-2.690824981285191,1.144456161142474,-1.3913913262963906,0
-1.9934996244081384,-0.5244484340590424,-2.0537142889603985,0
-0.06151062407404667,-0.5816494075204174,1.84680702383492,0
-0.9635134607804264,1.1559962579026157,-0.2102512958644276,0
-1.141678309171959,-0.22886850535117484,0.0849194118219706,0
0.21289628114244144,0.7002705812606712,-2.2800318315102066,0
-0.04801534743824129,0.27012501368180347,-1.1099372484851007,0
-1.026625729262279,-1.0954059535698992,0.8058785043240962,0
-1.8062207676810047,0.6831270704593384,-1.7709552308277987,0
-1.3315034138510744,-0.2371485715725151,0.31521789931600763,0
-0.7429829638538109,1.3304974458631376,-0.2572032624352724,0
-0.17976803092098992,-0.31491803981018474,-1.3329637153529266,0
0.8695762522307667,0.9026507300195515,-1.5941198074631253,0
1.786346776772909,1.1386437255393984,-1.2648917529511818,1
0.2337690719477656,-0.751683457536035,1.1479135939737253,0
-0.3428551735736968,-0.21165389636804022,-1.4495540423811961,0
0.9239459745986655,-1.2086411097822247,-0.7867745313109777,0
-0.9794870344270452,-0.6704622421629935,0.5802029185791672,0
-0.3261358943721095,0.11996238494673318,0.8587755161249807,0
0.4491607171601655,0.2407521392818911,0.23820888240839155,0
-2.0877666215691604,-0.04519626835317799,0.22824860177376677,0
1.1639517787501836,-0.6150705324245929,-0.4345481809893918,1
0.5334318410285928,-0.3323835456069791,-1.706283401989943,0
0.13804181496515067,0.7670259501251521,1.184627721064708,0
-0.6173566867961419,0.007575668740264336,0.0023745599691748476,0
-0.987141621663811,0.21809292630850974,-0.3825543414334723,0
-1.2622868238013238,0.35772126985424996,-0.14997690406172823,0
0.6251218654231773,-0.14196952632440993,-0.5315321545971982,0
0.4485137697974189,-0.4808372821144797,-1.4149812632527685,0
-0.3186508568918626,0.5112037514870953,-0.5256911349043605,0
0.759446243344847,-0.5681145787776228,1.1180763979641277,0
0.5646842861910821,0.008160347714767268,-0.22707447401366695,0
0.165238332927671,1.4416919722546717,0.6309145377320442,0
-1.0501184352225459,0.42377259133894557,-0.8208746461233906,0
0.2251833150190534,-0.8216142769131044,-0.6469594260200402,0
-0.5677168993502308,-0.34969669442755463,-0.8579767537284816,0
0.1864849246271909,-0.5761937313881522,0.20790127352003598,0
-0.3011924706298991,2.1813990486274024,-1.0013972157919766,0
0.2286415767053975,-0.30713039994346,1.021336126968181,0
0.3273596696316028,1.0312079580043063,-1.6398553820160817,0
1.7414408095743596,0.8672616445256806,1.6725365082857344,1
-0.017670301173503464,-0.879931985690335,0.050023659249756304,0
-0.030507849553675435,-0.25581910407579533,-0.7937439078720392,0
2.068287194477547,-0.8746618056127249,-0.3303781469144543,1
-0.8788661201375653,-0.6282119411457667,-0.2713215058290413,0
0.8342574907409227,0.07624793756006377,-1.0839763620745397,0
1.6190406593632318,0.48723766779906175,1.3996505736963767,1
0.10321428957062254,-0.01274925198616699,0.40254129996518806,0
0.1677306163492859,-0.32297365587861965,-0.6485871553631236,0
0.7442805462500973,0.24727810944093023,-0.9999599962901664,0
0.05775056121716322,-1.7260463288562096,-1.5038279135360682,0
0.7616700050475166,-0.5365350601160265,2.243673491190749,0
-1.2880066339049865,-0.6998116225806168,0.7890207545850493,0
1.6149394485994502,-0.6896285554711911,1.08416276672327,1
-0.5491999197756589,-1.5578741259542386,-2.0806527262813588,0
0.8054727006437645,-0.727732280639405,0.12732980852847442,0
-0.9134807854142328,-1.274112088723932,-1.2524658669892685,0
0.9779267441567662,-0.06003376709431077,-0.6316104429600296,0
-1.4270104415218763,0.4874378293264548,0.48277640177517317,0
1.1916728729654156,0.7437630978605184,2.134185128031119,1
0.21090428942741754,1.626575047864372,-3.018414427759749,0
-0.6358661583871722,-1.1338630742658378,-0.30376685085546834,0
-3.3311894299709737,-0.4731445860963129,-1.3991550305990013,0
-0.9399207354102935,0.11448911488938253,1.1792087330399388,0
0.03876957596521341,1.5026777890916097,-1.064775937152788,0
-0.513278451546424,0.6972649503444366,-0.7002841627443583,0
1.7591641446360204,0.7266423816397831,0.40823097160904936,1
-0.3267338820211481,0.8395407090316331,-0.6473569232278091,0
-0.13441417299372463,0.9471173082208224,-0.3004196623091763,0
-0.28131827015397326,-0.6467121550641795,1.1971951813750297,0
0.41690717539765376,1.400268413712478,-0.7180124391396405,0
0.3109682746286802,-1.126756881226998,1.0869552895103947,0
-0.4680387243618658,0.20670512429739724,0.39359495415819873,0
-0.6583850624581038,0.03317391198992599,0.7330740998839159,0
1.089677516205662,-0.08247283769008454,0.010972003051981536,1
0.35863745620334125,0.02434951858147653,0.4119108076811741,0
-0.9286972762602692,-1.0084831298610872,-0.2873160952017113,0
0.33715201033819914,0.32786720918497536,-0.30202983420605395,0
-0.11645419937480665,-0.3376222661050123,-1.4759591219092414,0
0.6958771214489454,-0.0205850668895421,0.8677514566777506,0
0.8808510455436137,0.20179674407034362,0.04678032855405225,0
-0.5930820474727292,0.66205721563321,2.033751863905311,0
0.2118292103324954,-0.3839976801849388,-0.2747591126411577,0
1.9668247692013785,3.17843323199722,-1.7877495031014778,1
-1.7436717821033763,0.02435714200745013,-1.54737979517318,0
1.8500259995966064,-0.4098476312881251,-0.25443642738845873,1
0.13831182524542848,0.814291759002196,-0.1177759055251222,0
0.8836166196208648,2.2052150139976003,1.118398146549285,0
0.3579200273540528,0.3709072576909036,-0.012716120905671074,0
-0.258767128825997,-0.6592191368942247,-0.663861781508626,0
0.8810959951986053,-0.4366615187261464,-0.4478551163249108,0
-1.0418097609668855,0.44767705375738714,0.35310017229559854,0
0.2283461277509845,-0.5341985790898576,1.0004612294602433,0
0.6819580273279267,1.4587972678093755,-0.41549840897391915,0
1.2869358864242981,-0.45357342473125584,0.019472884345579373,1
2.3671285927468104,1.8982809881071203,3.1862791115550286,1
-0.5523599962546248,0.2793467076898789,-0.6912293155525382,0
-0.9818749175220425,-0.3858821601326,0.8063034226577371,0
-1.4781263101053572,-3.5206930934449003,-1.7156831071020286,0
-0.16052557583187976,-1.320991032233649,-1.0589260769623945,0
-0.363182240412652,0.19484425311502182,-1.3235979932549367,0
-0.6372463605059993,-0.4119927405266419,-0.8585466951368701,0
1.063713062603288,0.6538441082077266,-0.3490530477170207,1
0.636169500647153,0.4516767574254698,-0.7208171898280311,0
0.5856852517262653,-0.4874255209164942,-1.0658955591660155,0
2.4355339035621166,-0.4451952095137064,0.8864415526783821,1
0.05468152767027009,-0.44215411326613147,0.1564344147184044,0
-1.0913253346837577,-1.0369007287340142,-0.8413340016517882,0
-0.5336941766077559,-0.6410532446038946,0.5532198220956439,0
-0.9942477775619396,0.4187031836070137,1.8362712285549077,0
-0.024345514192192805,0.8087818965149415,-0.40597280950265374,0
-2.3945551359998656,1.4125434688959024,-0.5957545022952669,0
0.020692070691000763,-0.0832931996300678,0.08548187844916282,0
1.0317750733311897,0.4376143032593762,1.1694150274644022,1
-1.5471919564957721,0.5502431028107665,-0.34900324713618375,0
0.4369018483867912,0.2019925756110976,0.09763787126977594,0
0.9476213058235359,1.0146399914245263,-0.46317604177910454,0
0.7593522687449515,0.9329514017634105,-0.8473704394262814,0
-0.8334063171172092,1.4760068223567964,0.7406382275001718,0
1.690708519357153,-0.8584667896215612,0.2665119004572538,1
0.17502128670012737,1.5296548523878166,0.417319650640462,0
-1.0102256872341864,-1.3866047023773647,0.9310344971539484,0
1.6393769196364107,-3.067608674316281,-0.9902180978408569,1
0.14534312987332815,0.47980115413626734,-1.120468042196964,0
-1.09012947229368,0.48280867710818864,0.17177920273452918,0
0.04878938402002325,0.6292967117765866,-1.0610001884009408,0
0.26275350901487954,-1.4757633546953526,0.703304629958859,0
0.7364546917963342,2.518044585915677,-0.3188780747779507,0
-1.2707500739737088,0.8127850193064374,1.2110131172634362,0
1.7252028409357565,-0.9476253604248732,-1.137980081811669,1
-2.562931869636098,-0.3454243803217581,1.702562593557683,0
0.3308213245194881,1.6135548129774469,0.49055145510820203,0
1.893818402617626,1.2206955809893985,-0.02343131220020646,1
-0.18380513044878494,1.7272310834486422,0.07862245755213398,0
-0.6153155937383974,2.00233168804991,1.8908167487068614,0
0.07874703946618392,-0.5872904849789135,-0.9277964571677604,0
-1.2241988540214572,0.614771786789627,-0.5817827717411643,0
0.21532442938817356,-1.0888564142233583,-0.120507533302489,0
-1.0514466535110174,1.228081514650536,-0.7869700472650184,0
-0.6865253044814892,-0.3600859413776713,-0.9164849248154563,0
-0.5076827074321831,1.7791563172216103,-0.14623227711989806,0
0.2744652950329913,2.5517889649847576,0.22865233919135355,0
-0.5564092362192166,0.0767267789567029,-0.4169824158540378,0
-0.039054236335571695,0.8329462454731814,0.08542586626168877,0
-0.7130456953234359,-1.7264100864836895,0.8988998626818338,0
-1.7567985788689984,1.3900542857336209,-0.21689261557773434,0
-2.1449391240536997,0.3460194406302885,2.130333532070904,0
0.5059215598659661,-1.8630868406934442,-0.6616550522027487,0
-0.16200130118470465,-0.14539005159018678,-1.2649695801673566,0
1.1424912230791027,1.1771723549897486,-0.6785364758763691,1
0.1626871698447983,0.5534098987754261,-0.245926512510482,0
-0.14248622191843038,0.8744933305563721,-0.6749180343957957,0
-0.8402858222944452,-1.618216779370593,-2.1940909534206634,0
0.7458289700734139,0.7645554582518522,0.17713459372062643,0
0.4204346428325417,-0.059812413944595196,-0.1161432452924293,0
0.6269260266284862,0.036419887439886396,-0.53852213491337,0
0.4741870225765773,-0.35325042456218625,-0.23391699160535653,0
-0.4935406422588986,-0.801405171969371,0.02340526519239294,0
-0.768414803951639,1.2861565166589828,0.32924181430215155,0
-1.8740620039517613,-0.2968555130118442,-0.876463892605135,0
-0.3165351908719557,1.3412776250123082,0.8401999952094549,0
0.20070496384507197,-1.264741173809573,1.241077702982514,0
-0.35602773829294027,-1.3818457971459743,1.2558976751530202,0
0.9401838492578221,-0.37350011953743345,0.19704059349167857,0
-0.7029155245669667,-0.2081781588901248,0.2832324704459283,0
-1.2447101211320781,-0.9645709922835352,0.02711412900906703,0
1.4637739579950653,-2.6867190206005835,1.4143696498017115,1
-1.2192275454677557,0.4349249620136501,-1.9960556751743876,0
-0.4115162611154498,-1.756850344815825,-0.6912317659293066,0
0.006072222352570911,1.6528448838644674,-0.4293785559292999,0
1.6899833807133973,1.0317741465829793,0.4291806675357333,1
0.47822526732930587,1.0183440497670257,0.2097058568058732,0
0.34854289353363077,0.4277399301866053,0.807708710996329,0
-1.649879326823249,-0.38735362556062636,-0.2578063865714377,0
-0.0774025040785347,2.1529705359865132,-0.421029827090282,0
-0.35405225990771244,0.7530637671580027,-0.45324138674210196,0
0.36029896342061535,0.8518337085214285,-0.03161906573735667,0
1.641559125575864,-0.38137902738367285,-0.8257417472130344,1
-0.7252544611625998,0.7047915938490641,-0.2307754162779786,0
0.4170929202998008,0.0883642652005055,1.6187533933101286,0
0.1285723257998022,-0.8535126838889882,0.55939807784275,0
-0.6472746022646021,-0.6724879181317808,-0.2878390136628767,0
0.7539640435795083,-0.1115511402897699,0.4509149899720077,0
-0.28646521463207275,-0.7761768452221675,0.18237242633626924,0
0.2417813667573544,0.5959022052143919,-0.07244325074896463,0
0.3903420540429329,0.45281455520148506,-1.0502565602044194,0
0.5172892271089856,0.3787722926247028,-0.33645709319859,0
0.6988360168804656,0.05842466822930252,0.7201888686312639,0
1.1646643555483225,0.3526488776139458,-0.11781949043888318,1
-0.794058844273958,0.11442487831646563,-1.064004406073789,0
1.1810958802975915,-1.0688925832191658,-1.804115391508574,1
-1.05976861034637,-0.48155233452709245,0.4045350822047068,0
-0.19065309773458305,1.206858940383582,0.6261199897662288,0
1.2211410017965363,0.2715891304903965,0.27109807767349664,1
-0.0008523561705300838,0.6692929402140911,1.118934266064439,0
-0.5744883125218775,-0.13398255676831847,-0.32346659212572654,0
-1.464759188151161,0.3515441563190334,-2.2293760421863404,0
-0.5244174278736567,-0.9990692115026759,0.0014551189566151912,0
-0.18731157633293827,1.358115511953247,0.03014998827704371,0
-0.7021056637385676,0.8469874231892351,-0.39912590786274016,0
1.0054556001853947,-0.7792350104895844,0.3539462988219293,0
2.013156389133595,-0.9462627051196938,-0.5736464093411927,1
1.7463510892161724,-1.614801430332396,0.9234687566842963,1
-0.33851407560587565,0.15307386214510765,1.1423179663728573,0
-0.6259728944329895,-0.5010396087347424,0.17676792996398194,0
0.7257987635389065,-1.541394417956904,0.31819177360331213,0
-0.10172582234892291,-0.8769580804442833,0.6986119820595043,0
0.5725199089753802,0.9056711150614343,1.3842277971804362,0
1.0941295576280092,-1.4497999489785418,-0.5414417704262297,1
-0.6006644646117546,-1.1098950785046404,0.04292687786710986,0
-0.14360967434623995,1.1242377018572869,-0.6939497164279993,0
1.0615853540216442,1.8959408428403497,0.6590935035126237,1
-0.5076436829415065,-0.5693775370639181,-1.7638910397395635,0
0.41772629906774233,-0.8910990180444954,1.146752044072283,0
1.2385035504113366,1.5260799178615654,-1.8510682563441525,1
-0.9629426207797166,-0.6723024592095935,0.1166418378048669,0
-0.6132822986518109,-0.213112305968771,0.5444601328195733,0
0.13074395537640665,1.0228712754366414,1.2362685867707905,0
-1.1831208097288752,1.1373082961316638,4.276432829233778,0
0.119305013679667,-0.172005598421379,-0.820818539754729,0
-0.42721350127696234,1.1467841127931082,-0.544376370019774,0
1.11121239199707,0.615905840174213,-0.7257022871748805,1
-0.6193748745164196,-0.3616043548241275,0.5947826002929545,0
-1.0108704122593106,-1.384414748449363,0.41693151273856016,0
-2.1866492013642,-0.515757308205854,0.29605283096954627,0
-0.566465659721762,0.3118208235775286,-1.5321248159244922,0
0.43836090024580865,-0.04211912641221591,-0.8478681939841494,0
-1.2618665249231633,0.15538977464292617,1.0602009425729597,0
-0.3206910364796436,1.0391510720681103,1.5841214759240148,0
0.7380626223502281,1.1810437455184704,0.08629894000116732,0
0.13526537907532407,0.9562257306196882,0.9483881836119677,0
0.7531520405022732,-0.9512104340561406,-0.932814038788368,0
1.1387175663841707,1.139371475371498,0.0489430926589443,1
-0.6928774894898799,-1.5723162344425785,1.2969703050913453,0
-0.6503732524191435,0.3620804238996274,-0.5129309772741869,0
-1.9907795436919202,0.2961833189522175,-0.12037056871254515,0
-0.679050378783513,-0.20871620345176542,-0.2521666512929023,0
-1.1420891242121354,0.8385610630326332,-0.889198702405842,0
2.505759256371288,2.0033847036190613,-1.1406962584992437,1
-0.33834492891713003,-0.3807951105507936,-1.8822547495773327,0
0.2770221239015377,-0.2395551182832708,0.6214699021900032,0
1.5493971219123799,0.06324739614640815,-0.3367664085211168,1
-0.9844430149331799,0.1368931241851619,1.5410456966006398,0
-0.4284304316065978,-0.2855840962296386,0.09174663092413722,0
-1.1695679731983233,-1.0825360285544336,0.5396685404956265,0
-0.3819285637566852,1.3981092977799985,3.159185733687762,0
-1.7544920095286036,-0.7844013692693913,-0.9616871892423865,0
0.35212295016740713,0.017883844916832915,1.4460901077231212,0
0.6017457164951873,-0.34903145693164384,-1.250456883653309,0
-0.132765660019583,-0.496845279837864,0.5227389958459825,0
-1.4819351496061681,0.31395555843145095,-0.5606600770515641,0
-0.44130887991924345,0.24539915611191399,0.22095514808668817,0
-1.4013306311311546,-0.7078585180435069,0.6889240386275013,0
1.4511119916507542,0.11428355433245117,-0.36554962759352344,1
1.1948644332181952,0.8700082674596394,-0.3397244403361754,1
0.7598471001291653,1.1190632083564107,-0.316386258819934,0
-1.3583334739639032,0.42935866207139506,-0.9195109839516578,0
-0.7707456513198716,1.4322098469933682,-1.179867699036806,0
-0.7489265700157385,-0.05893044885734999,1.7506770301422474,0
-0.3907447215404262,1.1650463167411456,1.285012217472265,0
-0.30916054836210244,-1.2204277966766366,0.3385972797725115,0
0.02098034082669463,0.7422321003980061,-0.7517948421003376,0
0.6585538782096364,1.373270357410721,0.37771255802178105,0
-0.18434110907864304,0.3861861064831076,0.09659296824255843,0
-0.8929334140008919,0.4026499048521309,0.14460119957401565,0
-0.49929673783003603,-0.7096176424244879,1.3907451506617428,0
0.8931289475440815,1.1116884501112605,-0.8687175417557362,0
0.02986108208491361,-0.9348645831474977,-0.16180721373559281,0
0.909873370318615,-0.928001313864505,-1.0187187001014926,0
-1.384132096221773,-0.4402044512090273,-0.3544136700311505,0
0.3314983635567857,1.7110509200673851,0.42338073391473796,0
-0.13371026327673233,0.94418395270879,1.3935279165200927,0
-0.8036075801658596,-1.2244382768803133,-0.6243931999954209,0
0.23249293449956965,0.7608480434380568,0.8294196102489136,0
0.6751195939005296,0.10881839947970114,0.5349448056737263,0
0.1689349506747136,-1.4020348701684928,0.05858417679836995,0
-0.8478229251792319,0.09958577075119214,1.8092462121233082,0
-0.09557516693043543,-0.6531555911329091,0.7736630694430876,0
1.0735739264052493,0.7990023101658746,-0.9265583505388829,1
-0.012493967114510944,0.6306766550293368,0.4508820509534154,0
-1.1620240372495425,-0.9250042022701198,0.6826612352464158,0
0.3098467578118662,-1.0281833182552067,0.6117139588665665,0
0.9047495082688893,0.5503583889078766,-0.6525500927206394,0
0.9068790183441683,1.6699538512665169,-0.2748562192652217,0
-0.28382551778713516,3.4125140358118364,0.12363668467128769,0
-1.0658939933762532,0.2314671023062486,0.789133318604061,0
-1.4877961207804247,-0.7560278486543006,0.3379791157848848,0
-1.152876126733967,-0.194114091415475,0.7992777678385742,0
-0.2124281893106681,0.9974370125560899,0.9662314371528792,0
0.66253450354253,-1.4928576052352114,2.3835549350437404,0
-0.9839198672005506,0.033532358606103804,-0.7372056784166418,0
0.2607799006404421,0.4432014417558183,-1.2600242758331246,0
0.9744750675390528,0.3552397476079554,-0.6361792170223797,0
0.2106401103251564,0.45409141151486615,1.6531619260108557,0
-0.2015925066438036,0.0883502853772924,0.849676604334829,0
0.49108472196601477,-0.5128820623780523,-0.43469714657672415,0
0.23126034579450544,-0.0037099452129862173,1.0555880806054925,0
-0.5613549554738816,0.7835013456993968,0.7255182424338215,0
1.6156950726325607,1.4961277719047645,-1.008428065833978,1
0.1324917357252918,1.6199721184041054,1.690307793292849,0
-1.1394212611804622,-0.6254249734627688,-0.976229917329523,0
-0.02174850913340394,0.12575977768792138,1.6394584626309314,0
-0.015850022637317454,0.1535019441172329,-0.5542684989096923,0
1.0485641930899157,-0.9337972805830544,-0.37113098254376126,1
-0.49238961478978044,0.8634070970019542,0.26179203084352815,0
-1.5883841153825675,-0.6889139362127376,0.5790531062527292,0
-0.9021176061230718,-1.5426875384026426,1.097601700508634,0
0.41559702760397926,0.4261926528926359,0.19476749040054803,0
-1.776350797706533,0.23305157921676967,0.24905494883421492,0
0.16286769954042696,-0.2633108984985581,0.17581008880200333,0
0.6775068442249471,0.9439376899286158,0.15981823005716245,0
0.11335840872129414,-1.4441506558943578,-0.02494857503806783,0
-0.5261318356306095,-0.38445208749364307,-2.6614448321906776,0
-0.38010597141312574,-2.4860464895153136,-0.8247973961644137,0
-0.49086899798221084,0.7349670985900557,1.5754447065635266,0
-0.6699138863859289,0.1759069611582621,0.11110145894941811,0
0.0017741903617110007,0.5370430280332688,-0.9518689024315423,0
0.23795403433137458,0.7513364305728312,-0.22634538238529883,0
-0.6651446576082544,0.8928336229899172,-1.2971396052900908,0
-2.485106708759179,-0.2694216456285131,1.4097635427724076,0
-0.5148023422303607,-0.5156842898854352,-1.068180931835869,0
0.5148331821181586,0.5688679363768153,0.38086953311307514,0
-1.647154635698223,0.24203249636833182,-0.6562719998902546,0
0.7189160521737428,0.7298503082144205,-0.451991574287981,0
-0.7577808571185564,0.4410656514253129,-1.403565970243132,0
2.7244182101353043,-3.0805535056541506,-0.6275455529014898,1
-0.38263356397081816,0.08754862683630492,1.6652377632172675,0
-0.33636740988557534,-1.6865185739715294,1.2991334698264274,0
0.8561685447303217,-0.6902962256706332,1.8948021393953784,0
0.26796825075674396,0.7588648192479813,-2.7889050867892107,0
1.9086400781212345,-0.5061355839173642,-1.274576000067033,1
-0.7328250520183837,0.15912733370936577,1.5602596893625351,0
-0.983725558373748,0.352412179385443,-0.3403644021896911,0
0.06686071102194735,-1.1409059742444796,-0.20116993381720544,0
-0.32560277541724547,-0.07413117039151855,-0.21836756607855537,0
2.1720376454310792,-1.214675406756766,0.4819957145066929,1
-0.17495379701591032,-1.2741816351560868,-1.1792853435762956,0
-0.9674473669821725,-0.25920016775636423,-0.08979540187338508,0
-0.5286876555044256,-0.1999075301596458,-0.3328506690923068,0
1.0235629685866066,0.7519784490432515,-0.5174699155398702,1
0.6702701393105399,-1.5704658931943367,-0.3452734344957366,0
-0.6766023996973889,-0.0035881634938897873,2.283610626352425,0
0.04789434695210206,1.3744296660581286,2.2205237758361465,0
-0.06640471566896965,1.1890141285246907,1.5786560517767816,0
1.1773294412284643,-0.6524032564594947,0.8214990911276269,1
-1.8210399527820373,0.8371923195209299,-0.5670819022209722,0
1.248663434932564,-0.4808264984541097,-0.1780587473764594,1
0.03044372915808335,0.03563024501385328,-0.08150314202546773,0
-0.11714490169293887,0.586644040397623,0.45932044781675574,0
-0.5808426603732741,0.8252902502863615,1.2960716140534974,0
0.8634867626112613,-0.9882966224736109,-0.5770742120688481,0
-0.6931627048438426,0.06684069063606994,1.132459831972005,0
0.0716210489309964,-0.30238747027506924,-0.8879118362566516,0
0.878929437603502,0.8194932386952589,-1.2095000906401614,0
-0.7637501043246254,0.2959046437853767,-0.09765617379321463,0
-0.5529688795618247,0.45811667974467074,-0.3162140037012484,0
-0.3660002847922009,-0.7598159178359197,-0.964301748035359,0
0.07045135116413485,0.8975696981663903,-2.261772506790667,0
-0.8446341934527943,0.8771020820252808,-1.2174952605351501,0
-1.234857484979059,1.668698087351074,3.3066948097558617,0
1.1911361297510517,3.053348996841142,-1.0277883778082828,1
0.5803067030780867,-0.5749949444499499,-0.21663651434597633,0
-0.19622477057285756,-2.380337929932106,-0.695043441295599,0
0.7335639983277885,-0.34636141590736874,-0.5896063461533421,0
-0.5298747644753148,-0.5872797059470989,-0.8771107051430458,0
-0.2441352357881428,0.13055312792560378,0.7660561730276838,0
-0.1562070303050096,1.5926675317090349,-1.0715465058689646,0
-0.1936875419407856,-1.076199440574589,-0.6554523806694035,0
-2.774330343617371,0.3730948516284745,-1.2147307673014471,0
-0.3708297490193082,0.6390305255990076,1.0779654516227533,0
1.0689473085287111,-1.4778955989166742,-0.8842682880828518,1
-0.6800129403194657,-1.8351145680162178,-0.20969445860621225,0
-1.6261661053190548,-0.5691867629411724,0.26788763312120983,0
0.8704603055564725,0.333448172766318,1.5187701700086929,0
-0.7863107190606476,-0.7972408242738205,-0.8055083309813559,0
0.3087382268552825,0.8722387698480865,-0.41640923061012547,0
-0.11166072155110768,1.1915950062895222,-1.0948820011412232,0
-0.40636718156192475,2.136541416396008,-1.224460401989597,0
0.7878840671005516,1.0185071664685097,0.9927380801681003,0
-1.6580322375509748,0.550855507051974,0.674466158503379,0
-1.1939999929503633,-1.6124027197312947,-0.3812099627711221,0
0.9284904684178855,-1.0486584115728925,0.37110446955919196,0
0.4776818451849121,0.27865505796840284,0.7228593554025944,0
1.0525043935357021,-0.7774174122694766,1.1230197796312202,1
-0.6536624680427502,-0.4295502503914202,1.7697831221037847,0
-0.05445198766839079,0.0008952183563863445,-0.5974700918366357,0
1.62118702316474,0.5035755667261789,-1.1957165424566294,1
0.42651827700355444,-0.7804204415670729,1.8617787996789488,0
-0.15325537599323205,-2.8384254963244877,0.48159386901790463,0
0.7994019633969525,-0.6461288887373905,-0.115805782434917,0
1.7428614291229,-1.8503655176878822,-0.3026219395988123,1
-1.2608850710056736,1.8306051252352182,0.9192094469099832,0
-0.6758332686893223,1.0311573116004498,1.159886988464096,0
-0.03443056830332532,-1.160831014692881,0.2636594211726053,0
-2.194046821094102,-1.207666616945338,-2.309217437884263,0
-0.9970602357759834,-0.5676312961546142,0.2099585251527933,0
-0.25668246889076773,-1.6940060878172898,0.3074455946131642,0
0.7718522490339429,0.6257365186627152,0.21890230140206654,0
-0.8866389985362795,-0.4811386357802448,0.42247021385990413,0
0.7972658985501998,2.2630949711902866,-0.47770708991787836,0
-1.0758447727112734,-1.0544238725859794,-2.3098448974264323,0
-1.4192877614310806,-1.4032589149768255,0.5572584217378614,0
-0.5804331197505368,0.15314536837286627,-0.15213174837519491,0
1.0711705836378556,0.9431904209808318,0.2314315098551968,1
0.8239416969772806,0.6878572892059291,1.2856667585284138,0
-0.2823845603699815,-0.783543162187094,-0.7050931061565319,0
2.2097217689723734,0.620098306098178,-1.4537001586865275,1
-0.4093035596649887,0.7593491488549983,-0.6502010414189763,0
-0.9191290813498215,0.46372637939776296,0.24975553715612472,0
-0.5188349589994558,0.48600232381093983,1.1547368918444165,0
0.22090737148798573,-0.7039153603515288,-0.24480006038841015,0
-0.1581052512133969,-1.8104598559735756,-0.6470882822934582,0
0.23889466849307447,0.9418209798711692,-0.12581893699917424,0
-0.08330906300859854,0.9717389485444894,-0.35385919708676267,0
-0.06836043199609927,-0.2816121312660255,1.4836831716091392,0
-0.7175337093638287,2.8211838879619004,0.17753472955793775,0
-1.015722725538516,0.6670854157060317,-1.538921903666866,0
0.07316119138353412,0.38016795218247096,1.1911658461569667,0
-2.946806529097164,0.03102431877699683,-2.0107529686224255,0
0.16875908758470173,0.2892085272366248,-1.5622697375847812,0
0.6355028675256504,0.8510758907985174,-1.4259125609580234,0
0.053105839989826376,1.6495258308748852,0.8124293078467003,0
0.4124582098340621,0.6985150461454998,0.4091707245241825,0
-0.043094636362340066,-0.13542124953577614,-0.5847249653377548,0
0.7088311239400561,-0.9684252260143664,-0.7542054342423397,0
0.34616459660953314,-0.5964068997412715,0.19112401177114635,0
-0.14667542843185602,-0.6420685731127671,0.3701184726933238,0
2.8889815804233407,-0.8302973694365967,0.1191227535941102,1
1.4726928539114361,-0.3606678939560843,-0.893882742477569,1
-0.3934293053952006,0.49401331890477806,0.43491258116211046,0
0.4093612854792096,-0.45077067606654814,0.6115280212758099,0
-1.0232258898318318,-1.0074700016572715,-0.25065152338580443,0
-1.0533236834874522,-1.065439581246251,-0.5017262081047524,0
-0.04899781814995638,0.1838035284847056,0.933935498807643,0
1.0976236257345575,-0.07823375119894413,1.1897961465511675,1
-0.3315253291135991,0.38339362971723706,-0.33348851348285696,0
0.7788868810160188,-0.20586520658444293,1.3254946012148212,0
-0.5833372476866995,-0.8258873011454684,-0.15371884391149684,0
-0.4773782564256879,0.41427323708916447,-1.6463032764604044,0
0.6629548584180006,-0.6435191482578835,0.790536295405696,0
-1.4427280373928273,-0.9719813702756438,0.8376598130153103,0
0.7793960812667889,0.9923696103055671,-0.2267371434110863,0
-1.0608911674507542,-0.8000688048007076,-0.8521935466771067,0
-0.24080534493574113,-0.17319685155989653,1.3268414842055778,0
0.8095251324543395,1.5005362927626626,0.08089930259261612,0
1.2448212141398083,-1.0647866419220238,-0.8799273591356144,1
-0.7130907005669012,-0.10559119472988078,-0.6375860982693549,0
-0.48999999547550804,-1.1946047719684174,-0.25756728069744295,0
-1.089327736439718,1.273603221151836,-0.6593745864103707,0
-0.3868776635844964,0.5686985476140065,0.04988592131829805,0
2.316233277118177,1.637396914530646,1.104138450285008,1
-0.9763688267167031,0.20339041163651383,-1.5221302696178767,0
0.4085870124502747,1.2447677201499048,-1.1730353963447189,0
-0.6112930256568535,-0.6548838228007661,0.3956075472902317,0
-0.8125884591896588,0.3381905590057193,-0.5630882162790606,0
-1.3307459485156865,-0.5478478312979137,1.581358650576337,0
0.5897093444257798,0.348107403360969,-0.05886095946694256,0
0.41659594015211937,1.0499257046433217,-2.443630991758501,0
0.317211221023237,1.5335072277340116,-0.006020905806372763,0
0.5368926719712392,1.6245753306279336,1.4906468478253065,0
0.03217408836272307,-1.6440464994868442,1.4598282627204342,0
-0.05510719008434496,0.4279094471714452,0.10969656634812201,0
-0.2797814786126462,-0.6692681023574663,1.1783323466972029,0
0.625975748471113,-0.8986308852958025,0.4010677495495767,0
-0.23609638153121307,-1.1298883242553452,-0.03384652974096561,0
-0.6916314364660787,0.28026253332297996,-0.9585144519722331,0
0.3909894934279811,0.6769611480476597,0.25324006486457035,0
1.1637516784811177,-1.0358365107291512,0.7866214064032229,1
-0.3884017864932991,-0.2751193035686276,1.3757974295398037,0
-0.03806569886111424,-0.5876698374885495,1.9228463154118878,0
-0.5701659223492701,0.08844645533172206,0.4768020420064575,0
-0.2612225656387123,-1.4298324792152561,0.6892860733557872,0
0.16882936105749233,0.6026764691087473,-0.04395627272464929,0
-0.5690748520089328,0.346749748519054,-0.38475987281784396,0
-1.042920867941128,0.0398698099015235,-1.5115998759855143,0
-2.0972879912540714,-0.7226248472569712,-0.6068411785134209,0
0.23736564212254713,0.05224833527726498,-0.11589364130881893,0
0.17263932060267748,-0.44828240149681675,-0.012644785348230242,0
0.011536741303564482,-0.02241498159045725,0.519529664337251,0
-1.4651973767726862,-0.0049495187451453326,0.7660204719076077,0
-0.7201772478550126,-1.7795310965271847,0.14386526137467828,0
-1.1348835457836768,0.785944209812703,-0.02298048482512671,0
-1.8308297319671512,0.7381476830141823,-0.20907774835680654,0
-0.5152106947021015,0.7982652817172118,0.6246789571331951,0
-1.6028880821374532,0.24058302244777308,0.27624729514644236,0
-0.32482906125069666,-0.48739296495599327,-0.7533019951507423,0
-0.8684816994284761,-1.9711299519120598,1.3194964330937269,0
0.14247534756206498,0.43966823884348244,0.8645479812885712,0
0.85826381332228,-0.48552691093040795,-2.2489964012115076,0
-0.20204337211675982,-0.482895455168595,0.06531731983701823,0
1.7434012519934479,0.11569811170849717,-1.6776333050313819,1
-1.2121943295582938,0.6383624148818802,0.9447942838716847,0
-0.6241586675164273,0.545427429090705,0.514545848860302,0
0.4045390928532305,0.0102291361222543,0.44893100768065963,0
-0.5208122318576281,0.6575880232337692,-0.5437410597729884,0
0.10135621300350735,0.19415340640779827,-0.8203573258638408,0
-0.39192155697130243,0.5988617194002099,-0.37534858556056483,0
-0.4255821736377496,-0.45966121517606345,1.419845806767936,0
0.9139481096453445,-0.13392645781214393,-0.5421374372153571,0
0.6020212967517844,0.18049367310474163,2.208646051219428,0
-1.1607677511195633,0.5262688226532407,-0.7681612241155547,0
0.28470779288110004,-0.2533076297240673,-0.7040661061531844,0
-0.3257041259803048,-1.0668893779353426,-0.6418220511409242,0
-1.0199902080497925,-0.5794227735194243,1.1513868767825888,0
1.3484980688838615,-0.6671129714439226,0.6824271026413183,1
-0.06658765514316121,-0.04149006021106431,0.42714892042889535,0
0.8193057962698139,0.029721303570192432,0.8422233719788174,0
1.2434621737920963,1.4303922426320073,0.2027935796589261,1
0.8464119232186287,-1.5971023860794675,-0.253954781870898,0
-0.2596810408216972,-0.8375496366703135,-0.5540371773320036,0
0.31826297512026863,-0.9039350561347135,1.5538445939820746,0
1.9912686730931788,0.015838410151061737,-0.48356944305178673,1
1.213337318427501,-0.439844796455924,1.0216017359334393,1
1.041177252733819,0.23997389644455935,-0.13410474281418597,1
0.9307695821078588,0.029765753268256732,1.5973742434023293,0
2.0504720554264173,-1.7497391138278673,0.12531104073002455,1
-0.005482802209953132,1.485778263343458,-0.9857061239511403,0
-1.0101717835647857,-0.14575108962548897,-0.240806997511675,0
-0.7646368345197562,-0.47726416044039277,-1.2151142975123888,0
0.6049150995033774,2.6023954730348655,-0.3483700892171555,0
-0.4199367339238121,0.67676238351801,1.0918971298914266,0
-1.394076210420163,0.9456780600536056,-0.7642448470268542,0
0.4415501688738488,0.16096760827517617,2.048527684550716,0
-1.0409654656955634,-1.9856519810700735,0.4743598958212901,0
-0.33917345412865224,-0.394299765078942,0.5313658588123218,0
-1.236669975721128,0.3019072891478267,0.18311898727335343,0
-0.8106213303780094,-1.1460837844792913,-0.3025142550544919,0
0.44976636664172104,-1.578818848420759,2.773638660783643,0
0.06389206917788327,-1.1004022891907317,-0.28900588950062234,0
0.619146512097959,1.0840728156324295,0.029432721559989092,0
-0.03400982243820924,1.5501492909291434,0.297185369179513,0
0.9127118751736735,0.9360017857668249,0.7164515605477032,0
0.03388111273174551,-0.48894500775158767,0.9592888517244585,0
0.5604035157946352,-1.591072627528561,0.37970523316779703,0
-0.9049972987385351,-0.677108956365621,0.23756915718417423,0
0.7248513458277487,1.1691473423492043,-1.3249082343316825,0
0.15058186668013926,0.19500238021763822,-0.3253791911955351,0
-0.7686938948206952,-0.9162419879062643,0.5802220801952711,0
1.0845889434708205,0.3263816370251264,0.37100977969367915,1
-0.2515424632458023,-2.275609746386974,-1.419960261139183,0
-0.28764634872829836,-0.472410784034918,0.32383354292884803,0
2.2493317972469034,-0.8889205655787212,0.013345445065794641,1
0.05579645918329845,-0.3481569217062334,-1.1334149560406908,0
0.7120083589886324,-0.02555903936916227,-0.4513888487879251,0
-1.1546795259558293,0.1826306681824213,0.3505755610191153,0
0.009829011434882875,-1.0695421540931742,-0.05964810809866792,0
0.16872571165359865,-0.4463697050483419,-0.6929865034481807,0
0.8915078540344458,1.865213441452535,-0.2803948695432227,0
-0.26187276423675787,-0.2628254586715605,0.9330453523382041,0
0.45522635683820023,0.4512190688373237,0.2925081917268473,0
-0.5486823650723434,-0.45337946007798674,-1.955058928642224,0
0.4719602494209564,-0.11722840442183542,-0.30993406295607184,0
-0.5166050017958087,-1.9227903819253167,0.11943860089588772,0
-0.05081693954946811,0.32216813658842525,0.7608591992808738,0
0.3295051327695372,-0.22624433852622539,-1.6513871325354899,0
0.3745686849204946,-1.0908013788022481,-0.8924145205695001,0
0.8790462439980052,0.04709463914687052,0.32906775555094164,0
-0.8997830226260808,-0.415188129169913,-0.04022783999115954,0
1.1592151733072478,-0.8944549762799339,0.36840006942261927,1
1.1448178063947372,0.6135988882929301,-1.237005019258728,1
1.8943230213720872,0.9723472486343105,0.5177522496685054,1
-0.06726963812132807,0.35231005162521023,-0.9845410790867426,0
0.3656938150588568,-1.5346579783931837,0.8150399241326196,0
2.3270408686604465,0.03180609266009881,-0.9177769840371525,1
0.4222840769700555,-0.29305282600789756,0.4606647559355063,0
0.12815902185704978,0.26705726538045327,-1.2411415840340776,0
-0.3327819742318031,-0.2544063494070183,-1.1405865614833741,0
3.392592867411911,-1.3101445595917067,1.1002310990211188,1
0.17421053609643466,0.15843318611852766,-0.9008765529223564,0
-1.2532691868281758,0.6466957131534972,1.4555945978240945,0
0.4149970189359299,-0.15220972975919475,-2.177171802898683,0
0.049480516338403606,-1.3147041997631905,0.7354422381805332,0
-0.27601760256071073,0.37587014214724285,-0.2621660065291851,0
0.6439718520365576,-0.707404975331028,-0.1895067431836223,0
0.018798242673645806,-0.8207771126333776,0.07194425191348766,0
0.4206153996556405,-2.2813024697384643,1.1708938303914964,0
-2.3051610993687173,1.2809707911234784,-0.44342926313215125,0
-0.8785063254780133,1.786017329769675,1.2984895639204441,0
-0.37208475623275195,0.5695923731492717,0.07857595523771736,0
-1.237210097398155,-1.83160446235686,-0.7776635635559244,0
-0.38315860776554606,1.0970385777809526,-0.4110014422489221,0
0.4562453522809844,1.33752237218554,0.34221276872470624,0
1.7332479371144294,1.6080596810866516,-0.5614083017203858,1
0.5182447777200488,-0.5169425475542111,0.058845336897788265,0
-0.23641354775761822,-0.6094948087138523,0.5853347699018605,0
0.6419329520319756,1.8672400021142015,-0.9864846518668887,0
-0.1736422055761152,-1.364121214244277,0.37315188638603136,0
0.7054311623393511,-0.2642711767702573,1.2967293144958563,0
1.6742425681937243,-2.5111086723389127,0.42265509442428784,1
0.3809641802222876,-0.6841957211379835,0.3291630936480157,0
-0.2737332957056135,0.16947114129273236,0.36509509184511174,0
0.3179696187494208,0.08305416716916036,-0.15260937338841238,0
-1.0979484355589073,-0.4850172100188321,-0.08549710893948681,0
0.30316471949650425,-0.45702704468167343,-0.13927766135198558,0
1.3082231046506845,-0.9672172426869281,0.6137195094712478,1
-0.8816431544335921,-0.5189278737629425,1.810112619057307,0
-0.539545633497197,-0.6059662422335278,1.183189747112725,0
-0.2692815006062127,-0.1364263433785235,-0.030436493034372264,0
-1.0166179994340796,-0.1047915938290984,0.5990860353884977,0
0.9791541696971195,0.07138991696055294,-1.4673029601566197,0
-0.7717255899943348,0.2787972125782533,0.07386506798714425,0
-1.3187782629043003,1.28003879952168,1.0268720839333811,0
0.6562481521970778,-1.035576728170576,0.5400944984583167,0
-0.012964243593092305,1.1419500567266787,-2.0227280318144305,0
-0.33260326102198057,-0.013724422745507793,-0.24311537220799018,0
1.026017020008921,0.5399618175678284,0.9746801892407732,1
-0.716880817126612,1.69950445229803,0.4092896503209138,0
-0.6642010186327157,-0.8682560239235594,-2.771429166477227,0
-0.2937534968220195,0.489420365243676,-0.674748641991773,0
-0.4576166140225994,2.3747285966941076,0.11541449492520575,0
0.2299207859711461,-0.2988782685478403,0.09905336304098249,0
0.31132235657510765,2.067746639821121,0.9932938767187521,0
-1.3027077158287195,0.20686212134813173,-0.7545262355461211,0
0.36132646791021594,-1.0179018076977502,0.10226417331624554,0
0.23166275909271447,0.5386370943935587,0.8396363458375594,0
0.8521669136819964,-0.6417541061430342,-1.9453218141985256,0
-1.283202156440841,1.0058909493750106,0.1822993642478423,0
-0.5719191258303055,1.1438396259284656,1.1707450855815251,0
1.5815349001450525,-1.3821656518001602,-2.6821666977989786,1
1.8100752794504644,2.2752255077090995,0.7981934062035567,1
1.2922159392637547,-0.3584511182580023,0.7942455310674098,1
-0.10466676153779639,1.633074658246479,0.5222754018326355,0
-0.6505514377243532,0.8915153334906297,1.8224948748168026,0
-1.1229793460626745,0.07791035961537808,-1.262234356192638,0
-0.0528990968892872,0.8172706947472249,-0.41857535903840143,0
0.40619544944653885,0.7507805119448203,0.36801850264557495,0
1.228081604380932,-0.19157752369191017,0.7869637163064799,1
-2.684169369344942,-0.19259872515717844,-1.197196299160862,0
0.29238124581002495,-1.827050740165775,-0.060480394757670704,0
1.5870973523481267,-0.06329695466354654,-0.48146455043008574,1
-1.2699163287283277,-2.7616646688637934,-0.06895447743088369,0
0.686814413793425,0.2616770500942069,-0.58355973790588,0
1.3054752025666796,0.4396948440962074,-1.3348091774578483,1
0.9583951714526985,0.09409045884657727,0.1513928034587865,0
0.8324654914330952,0.12242038017907822,-1.3357138303397167,0
0.30766463001641836,-0.8587986576736282,-0.012729460041307226,0
-0.5629765048295635,-0.7379648537638177,1.1527561216427864,0
0.4403228909055822,0.6064395944058645,-1.0212329247699325,0
-0.3741203194952703,0.09418337279688625,0.0942690757251339,0
-1.5576330438752908,0.8565280750007084,-1.7519884444490856,0
0.391959907287139,-0.3859570072957774,-0.8730965674794349,0
0.9319833239895863,0.37293932665601676,0.9380587866221622,0
1.2256324914560541,1.7978787045336235,1.6228985137545944,1
-0.8063493743342077,-0.16726142263156257,-0.9025158620185573,0
-0.7162860728897243,-0.8122082439114535,0.6391555039557147,0
0.5322397100099119,-1.110121435083491,-0.7100677632679679,0
0.10099284992413358,-0.5030554263266933,0.3952083706972767,0
0.12558375047059642,1.5329446813660852,-0.8879594749423488,0
0.13214329546622425,-1.5383778771234844,-0.44311144742091535,0
1.9381953977896342,1.1819008343480553,0.3497227211315804,1
-0.8227465819180521,0.7700792548125656,1.0311736575422983,0
2.507613842240505,-0.10768425993030069,1.7744992690897463,1
1.6141717655835641,-2.541147879573651,-1.9613269822537536,1
-0.8329058040328017,0.2975462486984511,-2.204075052695139,0
1.982706122508709,0.09985981594563442,-0.2825600142180682,1
0.5163981793690604,-0.5562669612897228,0.6495032484608785,0
-0.12355515605608693,0.21138254237132523,0.9613187075366141,0
-0.7349060760999746,0.5455175089516701,1.4454236472680655,0
-1.4664222942842715,-0.6997240551147881,-1.1051169028132248,0
0.7685914475913793,-1.3027614756767198,-0.9279132258580809,0
0.4646081417207888,-0.8613006977921388,0.916897958889968,0
1.6954268075455747,-0.2629971369602705,-1.5424133065101058,1
0.3571059063052289,0.6344851895694731,-1.7870989584750137,0
-1.11922885874282,-0.050998754027468694,1.064146314871528,0
0.25135939186540945,0.9405243019608411,-0.5205312576099757,0
0.00922298513167594,0.4639110190504981,1.05764843315662,0
0.27640409472258204,0.9443601957198601,0.5614574983905907,0
-0.05919505039037424,0.1120673061345255,0.6965417439974472,0
2.239386403042001,-0.7513155010653311,-1.3754178444619582,1
2.2031632621054213,-1.2292885559227442,-0.8764559502671723,1
-0.5522904625716675,1.4001027435300908,-2.375821868227971,0
1.396406886816126,-0.8096294876611734,0.8344364476594125,1
-1.5489261580273908,-0.18689545759693188,-0.5518879843583058,0
-0.6371607916566617,-0.7382633547193377,-0.3016008368949701,0
-0.9474474229015645,0.7388713114912149,1.4212944471860984,0
2.5788354097717994,1.0270159584987308,0.40847566443939765,1
-0.8224571407935385,-0.31995746227802274,-1.33993173110566,0
-1.8820409287102677,0.3685232795911175,-0.32636230291029733,0
0.14469347506043836,0.19443621133951275,-1.0521283859133288,0
-0.4306747362773736,-1.2116368661038697,0.08849140924217273,0
1.3839175740618745,-0.2036008845982567,-0.1267868039773522,1
-0.9073625640122699,-1.6907412478392536,-0.8160626225989775,0
-0.0752093971824432,1.915083002181551,-1.1288406064846876,0
2.1988255446396,1.403966443352085,-0.7154503232917265,1
0.995303753946344,0.04438639723460673,-0.6426280590245442,0
-1.1771731149628362,0.028126305738916973,-1.9204166917015892,0
-0.6090722002800506,-0.20869486368405754,-1.258234197187198,0
-0.7452946761931405,0.09614982183735386,0.16143377220549093,0
-0.3620971012710391,0.41005731510762256,0.17901085492905208,0
0.676939258971988,0.26434501129244664,0.6078288433646173,0
-1.4725009291807967,1.3918129261048078,-0.8808759696991846,0
1.106171553140518,-0.7456716320720309,2.033171274171262,1
1.63856785449378,1.0369124292983407,-0.9147222154193673,1
-1.3425800549365015,0.8197645310302208,-1.2186509809774828,0
0.7418519655166588,-0.7348244615561792,-1.2949820522206559,0
1.180781577242934,0.4934845167906703,1.3083718275489686,1
0.4998986263617671,-0.932922923836155,0.14095027224009468,0
1.6089007424712922,2.064899474091407,0.6438922607346795,1
1.2687464867726943,0.7609785683166287,0.2533781114139738,1
0.3885186310417702,-0.037803708620327975,-1.8898039902770367,0
1.3456305583521382,1.4795335270645946,0.5198460604568904,1
-0.6001113467598149,-2.81436330600699,1.664069614047633,0
-2.25970974331597,-1.433656430361821,0.9186088999108114,0
-0.11462381389388841,-0.8226425728480637,-0.056763781030457684,0
1.1094444960664116,-0.44420815806654296,-0.09754877188183128,1
0.5911956446255227,0.45558271177399123,0.18484934492391095,0
0.7971716708462387,1.0580444284186687,0.4659247256294198,0
2.3502248179139045,-1.743773170266284,1.8893082569023243,1
0.6472616322236431,0.5615309313629974,-0.19655158892145194,0
0.07059260077393059,0.8361245619844883,-0.6512182853432326,0
-0.43222697415808753,-1.5448572345315827,0.6089404561385138,0
0.6414740980415472,-0.10012628623745624,0.025569386678527678,0
0.8950890078613724,1.731050383930803,0.2045674067872412,0
1.0419059002043563,0.6202266112402467,0.5303678850299121,1
-1.1100298207155024,-0.7878051893482674,-1.218468312898504,0
-0.6716447832977885,0.13739540262116842,1.6191214291958682,0
-0.32379386465993915,-0.21029432940591178,0.4983895654473024,0
0.8458699964725563,0.6351357178159008,1.5037674077404952,0
-0.5476614637482182,-0.01752786482912551,0.13657416847752998,0
-0.4970089511984339,-1.145323883055748,-1.6099025386873236,0
-1.1808556264464805,1.3006348503994587,0.6833556534585981,0
1.1786750520805527,-0.20910547388159562,-0.7248372568348314,1
1.3630312080530131,1.0850681604787138,0.954962114290717,1
-0.6238441167560927,-2.123305893279199,1.4512269073059376,0
-0.39136112118392874,0.29762875188388155,0.15162537041498594,0
1.0641048553472694,0.1035200598850569,0.014963337224910202,1
-0.06454108001261931,0.5896748482050459,-0.6144048748061849,0
-0.7279942584604866,2.3253788229248222,-0.8074933255614862,0
-1.6859670444694292,-0.2920496761035868,-0.6410014262043406,0
-0.8357983303450883,0.657777299671352,-1.356677508303743,0
0.11582644780822421,-0.5151975996486828,0.08057484853439524,0
-0.0048473942145002445,0.6608138544405485,-0.017275104702301942,0
-1.0456215097777652,-0.46628060017470935,0.3163483354595181,0
0.7646690180745638,1.6410528510749314,-0.10156774656668088,0
0.7803476908607329,-0.7469312217310685,-0.19511165357400406,0
0.47745629432420483,0.1551552457323979,1.4869566327103243,0
0.48540946676477303,-0.5096459412399554,-1.426437193478064,0
0.08959381282525301,-1.4861420515864476,0.8405464541089256,0
-0.10754310174164834,0.6383221289464694,-0.6548231501194323,0
-1.2292240174449671,-0.4865499344301138,0.0026981637195824604,0
